--------------------------------------------------------
--  파일이 생성됨 - 월요일-2월-22-2021   
--------------------------------------------------------
--------------------------------------------------------
--  DDL for Sequence SEQ_CATEGORY_NO
--------------------------------------------------------

   CREATE SEQUENCE  "JBLOG"."SEQ_CATEGORY_NO"  MINVALUE 1 MAXVALUE 9999999999999999999999999999 INCREMENT BY 1 START WITH 11 NOCACHE  NOORDER  NOCYCLE ;
--------------------------------------------------------
--  DDL for Sequence SEQ_POST_NO
--------------------------------------------------------

   CREATE SEQUENCE  "JBLOG"."SEQ_POST_NO"  MINVALUE 1 MAXVALUE 9999999999999999999999999999 INCREMENT BY 1 START WITH 10 NOCACHE  NOORDER  NOCYCLE ;
--------------------------------------------------------
--  DDL for Sequence SEQ_USERS_NO
--------------------------------------------------------

   CREATE SEQUENCE  "JBLOG"."SEQ_USERS_NO"  MINVALUE 1 MAXVALUE 9999999999999999999999999999 INCREMENT BY 1 START WITH 8 NOCACHE  NOORDER  NOCYCLE ;
--------------------------------------------------------
--  DDL for Sequence SEQ_USER_NO
--------------------------------------------------------

   CREATE SEQUENCE  "JBLOG"."SEQ_USER_NO"  MINVALUE 1 MAXVALUE 9999999999999999999999999999 INCREMENT BY 1 START WITH 1 NOCACHE  NOORDER  NOCYCLE ;
--------------------------------------------------------
--  DDL for Table BLOG
--------------------------------------------------------

  CREATE TABLE "JBLOG"."BLOG" 
   (	"ID" VARCHAR2(20 BYTE), 
	"BLOGTITLE" VARCHAR2(200 BYTE), 
	"LOGOFILE" VARCHAR2(200 BYTE)
   ) SEGMENT CREATION IMMEDIATE 
  PCTFREE 10 PCTUSED 40 INITRANS 1 MAXTRANS 255 NOCOMPRESS LOGGING
  STORAGE(INITIAL 65536 NEXT 1048576 MINEXTENTS 1 MAXEXTENTS 2147483645
  PCTINCREASE 0 FREELISTS 1 FREELIST GROUPS 1 BUFFER_POOL DEFAULT FLASH_CACHE DEFAULT CELL_FLASH_CACHE DEFAULT)
  TABLESPACE "SYSTEM" ;
--------------------------------------------------------
--  DDL for Table CATEGORY
--------------------------------------------------------

  CREATE TABLE "JBLOG"."CATEGORY" 
   (	"CATENO" NUMBER, 
	"ID" VARCHAR2(50 BYTE), 
	"CATENAME" VARCHAR2(200 BYTE), 
	"DESCRIPTION" VARCHAR2(500 BYTE), 
	"REGDATE" DATE
   ) SEGMENT CREATION IMMEDIATE 
  PCTFREE 10 PCTUSED 40 INITRANS 1 MAXTRANS 255 NOCOMPRESS LOGGING
  STORAGE(INITIAL 65536 NEXT 1048576 MINEXTENTS 1 MAXEXTENTS 2147483645
  PCTINCREASE 0 FREELISTS 1 FREELIST GROUPS 1 BUFFER_POOL DEFAULT FLASH_CACHE DEFAULT CELL_FLASH_CACHE DEFAULT)
  TABLESPACE "SYSTEM" ;
--------------------------------------------------------
--  DDL for Table POST
--------------------------------------------------------

  CREATE TABLE "JBLOG"."POST" 
   (	"POSTNO" NUMBER, 
	"CATENO" NUMBER, 
	"POSTTITLE" VARCHAR2(300 BYTE), 
	"POSTCONTENT" VARCHAR2(4000 BYTE), 
	"REGDATE" DATE
   ) SEGMENT CREATION IMMEDIATE 
  PCTFREE 10 PCTUSED 40 INITRANS 1 MAXTRANS 255 NOCOMPRESS LOGGING
  STORAGE(INITIAL 65536 NEXT 1048576 MINEXTENTS 1 MAXEXTENTS 2147483645
  PCTINCREASE 0 FREELISTS 1 FREELIST GROUPS 1 BUFFER_POOL DEFAULT FLASH_CACHE DEFAULT CELL_FLASH_CACHE DEFAULT)
  TABLESPACE "SYSTEM" ;
--------------------------------------------------------
--  DDL for Table USERS
--------------------------------------------------------

  CREATE TABLE "JBLOG"."USERS" 
   (	"USERNO" NUMBER, 
	"ID" VARCHAR2(50 BYTE), 
	"USERNAME" VARCHAR2(100 BYTE), 
	"PASSWORD" VARCHAR2(50 BYTE), 
	"JOINDATE" DATE
   ) SEGMENT CREATION IMMEDIATE 
  PCTFREE 10 PCTUSED 40 INITRANS 1 MAXTRANS 255 NOCOMPRESS LOGGING
  STORAGE(INITIAL 65536 NEXT 1048576 MINEXTENTS 1 MAXEXTENTS 2147483645
  PCTINCREASE 0 FREELISTS 1 FREELIST GROUPS 1 BUFFER_POOL DEFAULT FLASH_CACHE DEFAULT CELL_FLASH_CACHE DEFAULT)
  TABLESPACE "SYSTEM" ;
REM INSERTING into JBLOG.BLOG
SET DEFINE OFF;
Insert into JBLOG.BLOG (ID,BLOGTITLE,LOGOFILE) values ('aaa','김서영의 블로그 입니다~!!!','16139225990655544a16c-2b93-43ae-ab65-d0437b54c3ff.jpg');
Insert into JBLOG.BLOG (ID,BLOGTITLE,LOGOFILE) values ('pms','박명수의 블로그 입니다.',null);
Insert into JBLOG.BLOG (ID,BLOGTITLE,LOGOFILE) values ('ujs','유재석의 블로그 입니다.',null);
REM INSERTING into JBLOG.CATEGORY
SET DEFINE OFF;
Insert into JBLOG.CATEGORY (CATENO,ID,CATENAME,DESCRIPTION,REGDATE) values (1,'aaa','미분류','기본으로 만들어지는 카테고리 입니다',to_date('21/02/21','RR/MM/DD'));
Insert into JBLOG.CATEGORY (CATENO,ID,CATENAME,DESCRIPTION,REGDATE) values (2,'aaa','자바스크립트','자바스크립트 설명입니다',to_date('21/02/21','RR/MM/DD'));
Insert into JBLOG.CATEGORY (CATENO,ID,CATENAME,DESCRIPTION,REGDATE) values (9,'aaa','스프링MVC','스프링MVC 설명입니다',to_date('21/02/21','RR/MM/DD'));
Insert into JBLOG.CATEGORY (CATENO,ID,CATENAME,DESCRIPTION,REGDATE) values (4,'pms','미분류','기본으로 만들어지는 카테고리 입니다',to_date('21/02/21','RR/MM/DD'));
Insert into JBLOG.CATEGORY (CATENO,ID,CATENAME,DESCRIPTION,REGDATE) values (5,'ujs','미분류','기본으로 만들어지는 카테고리 입니다',to_date('21/02/21','RR/MM/DD'));
Insert into JBLOG.CATEGORY (CATENO,ID,CATENAME,DESCRIPTION,REGDATE) values (6,'ujs','서블릿 jsp 제목','서블릿 jsp 설명',to_date('21/02/21','RR/MM/DD'));
Insert into JBLOG.CATEGORY (CATENO,ID,CATENAME,DESCRIPTION,REGDATE) values (7,'aaa','테스트 카테고리','테스트 카테고리 설명',to_date('21/02/21','RR/MM/DD'));
Insert into JBLOG.CATEGORY (CATENO,ID,CATENAME,DESCRIPTION,REGDATE) values (10,'aaa','마지막테스트 카테고리','마지막테스트 카테고리 설명',to_date('21/02/22','RR/MM/DD'));
REM INSERTING into JBLOG.POST
SET DEFINE OFF;
Insert into JBLOG.POST (POSTNO,CATENO,POSTTITLE,POSTCONTENT,REGDATE) values (1,1,'등록된 글이 없습니다.',null,to_date('21/02/21','RR/MM/DD'));
Insert into JBLOG.POST (POSTNO,CATENO,POSTTITLE,POSTCONTENT,REGDATE) values (2,2,'자바스크립트 포스트','자바스크립트 포스트 내용',to_date('21/02/21','RR/MM/DD'));
Insert into JBLOG.POST (POSTNO,CATENO,POSTTITLE,POSTCONTENT,REGDATE) values (3,2,'자바스크립트 포스트 두번쨰','자바스크립트 포스트 두번째 내용',to_date('21/02/21','RR/MM/DD'));
Insert into JBLOG.POST (POSTNO,CATENO,POSTTITLE,POSTCONTENT,REGDATE) values (4,4,'등록된 글이 없습니다.',null,to_date('21/02/21','RR/MM/DD'));
Insert into JBLOG.POST (POSTNO,CATENO,POSTTITLE,POSTCONTENT,REGDATE) values (5,5,'등록된 글이 없습니다.',null,to_date('21/02/21','RR/MM/DD'));
Insert into JBLOG.POST (POSTNO,CATENO,POSTTITLE,POSTCONTENT,REGDATE) values (6,6,'서블릿 jsp 포스트 제목','서블릿 jsp 포스트 내용',to_date('21/02/21','RR/MM/DD'));
Insert into JBLOG.POST (POSTNO,CATENO,POSTTITLE,POSTCONTENT,REGDATE) values (7,7,'테스트 카테고리 포스트','테스트 카테고리 포스트 내용',to_date('21/02/21','RR/MM/DD'));
Insert into JBLOG.POST (POSTNO,CATENO,POSTTITLE,POSTCONTENT,REGDATE) values (8,7,'테스트 포스트2','테스트 포스트 내용 2',to_date('21/02/21','RR/MM/DD'));
Insert into JBLOG.POST (POSTNO,CATENO,POSTTITLE,POSTCONTENT,REGDATE) values (9,9,'스프링 카테고리1','스프링 카테고리1 내용',to_date('21/02/22','RR/MM/DD'));
REM INSERTING into JBLOG.USERS
SET DEFINE OFF;
Insert into JBLOG.USERS (USERNO,ID,USERNAME,PASSWORD,JOINDATE) values (5,'aaa','김서영','1234',to_date('21/02/21','RR/MM/DD'));
Insert into JBLOG.USERS (USERNO,ID,USERNAME,PASSWORD,JOINDATE) values (6,'pms','박명수','1111',to_date('21/02/21','RR/MM/DD'));
Insert into JBLOG.USERS (USERNO,ID,USERNAME,PASSWORD,JOINDATE) values (7,'ujs','유재석','1111',to_date('21/02/21','RR/MM/DD'));
--------------------------------------------------------
--  Constraints for Table CATEGORY
--------------------------------------------------------

  ALTER TABLE "JBLOG"."CATEGORY" ADD PRIMARY KEY ("CATENO")
  USING INDEX PCTFREE 10 INITRANS 2 MAXTRANS 255 COMPUTE STATISTICS 
  STORAGE(INITIAL 65536 NEXT 1048576 MINEXTENTS 1 MAXEXTENTS 2147483645
  PCTINCREASE 0 FREELISTS 1 FREELIST GROUPS 1 BUFFER_POOL DEFAULT FLASH_CACHE DEFAULT CELL_FLASH_CACHE DEFAULT)
  TABLESPACE "SYSTEM"  ENABLE;
  ALTER TABLE "JBLOG"."CATEGORY" MODIFY ("REGDATE" NOT NULL ENABLE);
  ALTER TABLE "JBLOG"."CATEGORY" MODIFY ("CATENAME" NOT NULL ENABLE);
--------------------------------------------------------
--  Constraints for Table POST
--------------------------------------------------------

  ALTER TABLE "JBLOG"."POST" ADD PRIMARY KEY ("POSTNO")
  USING INDEX PCTFREE 10 INITRANS 2 MAXTRANS 255 COMPUTE STATISTICS 
  STORAGE(INITIAL 65536 NEXT 1048576 MINEXTENTS 1 MAXEXTENTS 2147483645
  PCTINCREASE 0 FREELISTS 1 FREELIST GROUPS 1 BUFFER_POOL DEFAULT FLASH_CACHE DEFAULT CELL_FLASH_CACHE DEFAULT)
  TABLESPACE "SYSTEM"  ENABLE;
  ALTER TABLE "JBLOG"."POST" MODIFY ("REGDATE" NOT NULL ENABLE);
  ALTER TABLE "JBLOG"."POST" MODIFY ("POSTTITLE" NOT NULL ENABLE);
--------------------------------------------------------
--  Constraints for Table USERS
--------------------------------------------------------

  ALTER TABLE "JBLOG"."USERS" ADD UNIQUE ("ID")
  USING INDEX PCTFREE 10 INITRANS 2 MAXTRANS 255 COMPUTE STATISTICS 
  STORAGE(INITIAL 65536 NEXT 1048576 MINEXTENTS 1 MAXEXTENTS 2147483645
  PCTINCREASE 0 FREELISTS 1 FREELIST GROUPS 1 BUFFER_POOL DEFAULT FLASH_CACHE DEFAULT CELL_FLASH_CACHE DEFAULT)
  TABLESPACE "SYSTEM"  ENABLE;
  ALTER TABLE "JBLOG"."USERS" ADD PRIMARY KEY ("USERNO")
  USING INDEX PCTFREE 10 INITRANS 2 MAXTRANS 255 COMPUTE STATISTICS 
  STORAGE(INITIAL 65536 NEXT 1048576 MINEXTENTS 1 MAXEXTENTS 2147483645
  PCTINCREASE 0 FREELISTS 1 FREELIST GROUPS 1 BUFFER_POOL DEFAULT FLASH_CACHE DEFAULT CELL_FLASH_CACHE DEFAULT)
  TABLESPACE "SYSTEM"  ENABLE;
  ALTER TABLE "JBLOG"."USERS" MODIFY ("JOINDATE" NOT NULL ENABLE);
  ALTER TABLE "JBLOG"."USERS" MODIFY ("PASSWORD" NOT NULL ENABLE);
  ALTER TABLE "JBLOG"."USERS" MODIFY ("USERNAME" NOT NULL ENABLE);
  ALTER TABLE "JBLOG"."USERS" MODIFY ("ID" NOT NULL ENABLE);
--------------------------------------------------------
--  Constraints for Table BLOG
--------------------------------------------------------

  ALTER TABLE "JBLOG"."BLOG" ADD PRIMARY KEY ("ID")
  USING INDEX PCTFREE 10 INITRANS 2 MAXTRANS 255 COMPUTE STATISTICS 
  STORAGE(INITIAL 65536 NEXT 1048576 MINEXTENTS 1 MAXEXTENTS 2147483645
  PCTINCREASE 0 FREELISTS 1 FREELIST GROUPS 1 BUFFER_POOL DEFAULT FLASH_CACHE DEFAULT CELL_FLASH_CACHE DEFAULT)
  TABLESPACE "SYSTEM"  ENABLE;
  ALTER TABLE "JBLOG"."BLOG" MODIFY ("BLOGTITLE" NOT NULL ENABLE);
--------------------------------------------------------
--  Ref Constraints for Table BLOG
--------------------------------------------------------

  ALTER TABLE "JBLOG"."BLOG" ADD CONSTRAINT "BLOG_FK_ID" FOREIGN KEY ("ID")
	  REFERENCES "JBLOG"."USERS" ("ID") ENABLE;
--------------------------------------------------------
--  Ref Constraints for Table CATEGORY
--------------------------------------------------------

  ALTER TABLE "JBLOG"."CATEGORY" ADD CONSTRAINT "CATEGORY_FK_ID" FOREIGN KEY ("ID")
	  REFERENCES "JBLOG"."BLOG" ("ID") ENABLE;
--------------------------------------------------------
--  Ref Constraints for Table POST
--------------------------------------------------------

  ALTER TABLE "JBLOG"."POST" ADD CONSTRAINT "POST_FK_NO" FOREIGN KEY ("CATENO")
	  REFERENCES "JBLOG"."CATEGORY" ("CATENO") ENABLE;
